--------------------------------------------------------
--  File created - dinsdag-augustus-27-2019
--------------------------------------------------------
--------------------------------------------------------
--  DDL for Table KLAS
--------------------------------------------------------

  CREATE TABLE "JULIAN_2"."KLAS"
   (	"CODE" VARCHAR2(4 BYTE),
	"MENTOR" VARCHAR2(40 BYTE),
	"STARTJAAR" NUMBER(4,0)
   ) SEGMENT CREATION IMMEDIATE
  PCTFREE 10 PCTUSED 40 INITRANS 1 MAXTRANS 255
 NOCOMPRESS LOGGING
  STORAGE(INITIAL 65536 NEXT 1048576 MINEXTENTS 1 MAXEXTENTS 2147483645
  PCTINCREASE 0 FREELISTS 1 FREELIST GROUPS 1
  BUFFER_POOL DEFAULT FLASH_CACHE DEFAULT CELL_FLASH_CACHE DEFAULT)
  TABLESPACE "USERS" ;
--------------------------------------------------------
--  DDL for Table STUDENT
--------------------------------------------------------

  CREATE TABLE "JULIAN_2"."STUDENT"
   (	"ID" NUMBER(4,0),
	"NAAM" VARCHAR2(40 BYTE),
	"GBDATUM" DATE,
	"KLAS_CODE" VARCHAR2(4 BYTE)
   ) SEGMENT CREATION IMMEDIATE
  PCTFREE 10 PCTUSED 40 INITRANS 1 MAXTRANS 255
 NOCOMPRESS LOGGING
  STORAGE(INITIAL 65536 NEXT 1048576 MINEXTENTS 1 MAXEXTENTS 2147483645
  PCTINCREASE 0 FREELISTS 1 FREELIST GROUPS 1
  BUFFER_POOL DEFAULT FLASH_CACHE DEFAULT CELL_FLASH_CACHE DEFAULT)
  TABLESPACE "USERS" ;
--------------------------------------------------------
--  DDL for Table VAK
--------------------------------------------------------

  CREATE TABLE "JULIAN_2"."VAK"
   (	"CODE" VARCHAR2(3 BYTE),
	"NAAM" VARCHAR2(40 BYTE),
	"ECTS" NUMBER(2,0)
   ) SEGMENT CREATION IMMEDIATE
  PCTFREE 10 PCTUSED 40 INITRANS 1 MAXTRANS 255
 NOCOMPRESS LOGGING
  STORAGE(INITIAL 65536 NEXT 1048576 MINEXTENTS 1 MAXEXTENTS 2147483645
  PCTINCREASE 0 FREELISTS 1 FREELIST GROUPS 1
  BUFFER_POOL DEFAULT FLASH_CACHE DEFAULT CELL_FLASH_CACHE DEFAULT)
  TABLESPACE "USERS" ;
--------------------------------------------------------
--  DDL for Table VOLGT
--------------------------------------------------------

  CREATE TABLE "JULIAN_2"."VOLGT"
   (	"STUDENT_ID" NUMBER(4,0),
	"VAK_CODE" VARCHAR2(3 BYTE)
   ) SEGMENT CREATION IMMEDIATE
  PCTFREE 10 PCTUSED 40 INITRANS 1 MAXTRANS 255
 NOCOMPRESS LOGGING
  STORAGE(INITIAL 65536 NEXT 1048576 MINEXTENTS 1 MAXEXTENTS 2147483645
  PCTINCREASE 0 FREELISTS 1 FREELIST GROUPS 1
  BUFFER_POOL DEFAULT FLASH_CACHE DEFAULT CELL_FLASH_CACHE DEFAULT)
  TABLESPACE "USERS" ;
REM INSERTING into JULIAN_2.KLAS
SET DEFINE OFF;
Insert into JULIAN_2.KLAS (CODE,MENTOR,STARTJAAR) values ('V1D','Dennis Gerdings','2019');
Insert into JULIAN_2.KLAS (CODE,MENTOR,STARTJAAR) values ('V1E','Dennis Gerdings','2019');
Insert into JULIAN_2.KLAS (CODE,MENTOR,STARTJAAR) values ('V1G','Maarten Kaspbergen','2019');
Insert into JULIAN_2.KLAS (CODE,MENTOR,STARTJAAR) values ('V1H','Dennis Gerdings','2019');
Insert into JULIAN_2.KLAS (CODE,MENTOR,STARTJAAR) values ('V1C','Wilma Petersen','2019');
Insert into JULIAN_2.KLAS (CODE,MENTOR,STARTJAAR) values ('V1A','Meneer Janssen','2019');
Insert into JULIAN_2.KLAS (CODE,MENTOR,STARTJAAR) values ('V1B','Wilma Petersen','2019');
Insert into JULIAN_2.KLAS (CODE,MENTOR,STARTJAAR) values ('V1F','Meneer Janssen','2019');
REM INSERTING into JULIAN_2.STUDENT
SET DEFINE OFF;
Insert into JULIAN_2.STUDENT (ID,NAAM,GBDATUM,KLAS_CODE) values ('1','Julian van Dijk',null,'V1B');
Insert into JULIAN_2.STUDENT (ID,NAAM,GBDATUM,KLAS_CODE) values ('2','Jelle de Snelle',null,'V1B');
REM INSERTING into JULIAN_2.VAK
SET DEFINE OFF;
Insert into JULIAN_2.VAK (CODE,NAAM,ECTS) values ('DP','Data processing','5');
Insert into JULIAN_2.VAK (CODE,NAAM,ECTS) values ('PRG','Programmeren','5');
Insert into JULIAN_2.VAK (CODE,NAAM,ECTS) values ('WAC','Web Application Construction','5');
REM INSERTING into JULIAN_2.VOLGT
SET DEFINE OFF;
Insert into JULIAN_2.VOLGT (STUDENT_ID,VAK_CODE) values ('1','DP');
Insert into JULIAN_2.VOLGT (STUDENT_ID,VAK_CODE) values ('1','WAC');
Insert into JULIAN_2.VOLGT (STUDENT_ID,VAK_CODE) values ('2','DP');
Insert into JULIAN_2.VOLGT (STUDENT_ID,VAK_CODE) values ('2','PRG');
Insert into JULIAN_2.VOLGT (STUDENT_ID,VAK_CODE) values ('2','WAC');
--------------------------------------------------------
--  DDL for Index KLAS_PK
--------------------------------------------------------

  CREATE UNIQUE INDEX "JULIAN_2"."KLAS_PK" ON "JULIAN_2"."KLAS" ("CODE")
  PCTFREE 10 INITRANS 2 MAXTRANS 255 COMPUTE STATISTICS
  STORAGE(INITIAL 65536 NEXT 1048576 MINEXTENTS 1 MAXEXTENTS 2147483645
  PCTINCREASE 0 FREELISTS 1 FREELIST GROUPS 1
  BUFFER_POOL DEFAULT FLASH_CACHE DEFAULT CELL_FLASH_CACHE DEFAULT)
  TABLESPACE "USERS" ;
--------------------------------------------------------
--  DDL for Index STUDENT_PK
--------------------------------------------------------

  CREATE UNIQUE INDEX "JULIAN_2"."STUDENT_PK" ON "JULIAN_2"."STUDENT" ("ID")
  PCTFREE 10 INITRANS 2 MAXTRANS 255 COMPUTE STATISTICS
  STORAGE(INITIAL 65536 NEXT 1048576 MINEXTENTS 1 MAXEXTENTS 2147483645
  PCTINCREASE 0 FREELISTS 1 FREELIST GROUPS 1
  BUFFER_POOL DEFAULT FLASH_CACHE DEFAULT CELL_FLASH_CACHE DEFAULT)
  TABLESPACE "USERS" ;
--------------------------------------------------------
--  DDL for Index VAK_PK
--------------------------------------------------------

  CREATE UNIQUE INDEX "JULIAN_2"."VAK_PK" ON "JULIAN_2"."VAK" ("CODE")
  PCTFREE 10 INITRANS 2 MAXTRANS 255 COMPUTE STATISTICS
  STORAGE(INITIAL 65536 NEXT 1048576 MINEXTENTS 1 MAXEXTENTS 2147483645
  PCTINCREASE 0 FREELISTS 1 FREELIST GROUPS 1
  BUFFER_POOL DEFAULT FLASH_CACHE DEFAULT CELL_FLASH_CACHE DEFAULT)
  TABLESPACE "USERS" ;
--------------------------------------------------------
--  DDL for Index VOLGT_PK
--------------------------------------------------------

  CREATE UNIQUE INDEX "JULIAN_2"."VOLGT_PK" ON "JULIAN_2"."VOLGT" ("STUDENT_ID", "VAK_CODE")
  PCTFREE 10 INITRANS 2 MAXTRANS 255 COMPUTE STATISTICS
  STORAGE(INITIAL 65536 NEXT 1048576 MINEXTENTS 1 MAXEXTENTS 2147483645
  PCTINCREASE 0 FREELISTS 1 FREELIST GROUPS 1
  BUFFER_POOL DEFAULT FLASH_CACHE DEFAULT CELL_FLASH_CACHE DEFAULT)
  TABLESPACE "USERS" ;
--------------------------------------------------------
--  DDL for Trigger STUDENT_ID_TRG
--------------------------------------------------------

  CREATE OR REPLACE EDITIONABLE TRIGGER "JULIAN_2"."STUDENT_ID_TRG" BEFORE
    INSERT ON student
    FOR EACH ROW
     WHEN ( new.id IS NULL ) BEGIN
    :new.id := student_id_seq.nextval;
END;

/
ALTER TRIGGER "JULIAN_2"."STUDENT_ID_TRG" ENABLE;
--------------------------------------------------------
--  Constraints for Table KLAS
--------------------------------------------------------

  ALTER TABLE "JULIAN_2"."KLAS" MODIFY ("CODE" NOT NULL ENABLE);
  ALTER TABLE "JULIAN_2"."KLAS" ADD CONSTRAINT "KLAS_PK" PRIMARY KEY ("CODE")
  USING INDEX PCTFREE 10 INITRANS 2 MAXTRANS 255 COMPUTE STATISTICS
  STORAGE(INITIAL 65536 NEXT 1048576 MINEXTENTS 1 MAXEXTENTS 2147483645
  PCTINCREASE 0 FREELISTS 1 FREELIST GROUPS 1
  BUFFER_POOL DEFAULT FLASH_CACHE DEFAULT CELL_FLASH_CACHE DEFAULT)
  TABLESPACE "USERS"  ENABLE;
--------------------------------------------------------
--  Constraints for Table STUDENT
--------------------------------------------------------

  ALTER TABLE "JULIAN_2"."STUDENT" MODIFY ("ID" NOT NULL ENABLE);
  ALTER TABLE "JULIAN_2"."STUDENT" MODIFY ("NAAM" NOT NULL ENABLE);
  ALTER TABLE "JULIAN_2"."STUDENT" MODIFY ("KLAS_CODE" NOT NULL ENABLE);
  ALTER TABLE "JULIAN_2"."STUDENT" ADD CONSTRAINT "STUDENT_PK" PRIMARY KEY ("ID")
  USING INDEX PCTFREE 10 INITRANS 2 MAXTRANS 255 COMPUTE STATISTICS
  STORAGE(INITIAL 65536 NEXT 1048576 MINEXTENTS 1 MAXEXTENTS 2147483645
  PCTINCREASE 0 FREELISTS 1 FREELIST GROUPS 1
  BUFFER_POOL DEFAULT FLASH_CACHE DEFAULT CELL_FLASH_CACHE DEFAULT)
  TABLESPACE "USERS"  ENABLE;
--------------------------------------------------------
--  Constraints for Table VAK
--------------------------------------------------------

  ALTER TABLE "JULIAN_2"."VAK" MODIFY ("CODE" NOT NULL ENABLE);
  ALTER TABLE "JULIAN_2"."VAK" MODIFY ("NAAM" NOT NULL ENABLE);
  ALTER TABLE "JULIAN_2"."VAK" MODIFY ("ECTS" NOT NULL ENABLE);
  ALTER TABLE "JULIAN_2"."VAK" ADD CONSTRAINT "VAK_PK" PRIMARY KEY ("CODE")
  USING INDEX PCTFREE 10 INITRANS 2 MAXTRANS 255 COMPUTE STATISTICS
  STORAGE(INITIAL 65536 NEXT 1048576 MINEXTENTS 1 MAXEXTENTS 2147483645
  PCTINCREASE 0 FREELISTS 1 FREELIST GROUPS 1
  BUFFER_POOL DEFAULT FLASH_CACHE DEFAULT CELL_FLASH_CACHE DEFAULT)
  TABLESPACE "USERS"  ENABLE;
--------------------------------------------------------
--  Constraints for Table VOLGT
--------------------------------------------------------

  ALTER TABLE "JULIAN_2"."VOLGT" MODIFY ("STUDENT_ID" NOT NULL ENABLE);
  ALTER TABLE "JULIAN_2"."VOLGT" MODIFY ("VAK_CODE" NOT NULL ENABLE);
  ALTER TABLE "JULIAN_2"."VOLGT" ADD CONSTRAINT "VOLGT_PK" PRIMARY KEY ("STUDENT_ID", "VAK_CODE")
  USING INDEX PCTFREE 10 INITRANS 2 MAXTRANS 255 COMPUTE STATISTICS
  STORAGE(INITIAL 65536 NEXT 1048576 MINEXTENTS 1 MAXEXTENTS 2147483645
  PCTINCREASE 0 FREELISTS 1 FREELIST GROUPS 1
  BUFFER_POOL DEFAULT FLASH_CACHE DEFAULT CELL_FLASH_CACHE DEFAULT)
  TABLESPACE "USERS"  ENABLE;
--------------------------------------------------------
--  Ref Constraints for Table STUDENT
--------------------------------------------------------

  ALTER TABLE "JULIAN_2"."STUDENT" ADD CONSTRAINT "STUDENT_KLAS_FK" FOREIGN KEY ("KLAS_CODE")
	  REFERENCES "JULIAN_2"."KLAS" ("CODE") ENABLE;
--------------------------------------------------------
--  Ref Constraints for Table VOLGT
--------------------------------------------------------

  ALTER TABLE "JULIAN_2"."VOLGT" ADD CONSTRAINT "VOLGT_STUDENT_FK" FOREIGN KEY ("STUDENT_ID")
	  REFERENCES "JULIAN_2"."STUDENT" ("ID") ENABLE;
  ALTER TABLE "JULIAN_2"."VOLGT" ADD CONSTRAINT "VOLGT_VAK_FK" FOREIGN KEY ("VAK_CODE")
	  REFERENCES "JULIAN_2"."VAK" ("CODE") ENABLE;
